[
{
    "model": "admin.logentry",
    "pk": 1,
    "fields": {
        "action_time": "2024-11-29T19:30:56.263Z",
        "user": 1,
        "content_type": 13,
        "object_id": "1",
        "object_repr": "Langstroth 10-frame",
        "action_flag": 1,
        "change_message": "[{\"added\": {}}]"
    }
},
{
    "model": "admin.logentry",
    "pk": 2,
    "fields": {
        "action_time": "2024-11-29T19:33:02.870Z",
        "user": 1,
        "content_type": 13,
        "object_id": "2",
        "object_repr": "Langstroth 8-frame",
        "action_flag": 1,
        "change_message": "[{\"added\": {}}]"
    }
},
{
    "model": "admin.logentry",
    "pk": 3,
    "fields": {
        "action_time": "2024-11-29T19:34:51.496Z",
        "user": 1,
        "content_type": 13,
        "object_id": "3",
        "object_repr": "Langstroth 5-frame",
        "action_flag": 1,
        "change_message": "[{\"added\": {}}]"
    }
},
{
    "model": "admin.logentry",
    "pk": 4,
    "fields": {
        "action_time": "2024-11-29T19:37:20.410Z",
        "user": 1,
        "content_type": 13,
        "object_id": "3",
        "object_repr": "Langstroth 5-frame",
        "action_flag": 2,
        "change_message": "[{\"changed\": {\"fields\": [\"Description\"]}}]"
    }
},
{
    "model": "admin.logentry",
    "pk": 5,
    "fields": {
        "action_time": "2024-11-29T19:57:04.891Z",
        "user": 1,
        "content_type": 13,
        "object_id": "4",
        "object_repr": "Dadant US 10-frame",
        "action_flag": 1,
        "change_message": "[{\"added\": {}}]"
    }
},
{
    "model": "admin.logentry",
    "pk": 6,
    "fields": {
        "action_time": "2024-11-29T20:01:23.213Z",
        "user": 1,
        "content_type": 13,
        "object_id": "5",
        "object_repr": "Dadant US 10a-frame",
        "action_flag": 1,
        "change_message": "[{\"added\": {}}]"
    }
},
{
    "model": "admin.logentry",
    "pk": 7,
    "fields": {
        "action_time": "2024-11-29T20:01:46.475Z",
        "user": 1,
        "content_type": 13,
        "object_id": "4",
        "object_repr": "Dadant US 12-frame",
        "action_flag": 2,
        "change_message": "[{\"changed\": {\"fields\": [\"Name\"]}}]"
    }
},
{
    "model": "admin.logentry",
    "pk": 8,
    "fields": {
        "action_time": "2024-11-29T20:01:57.666Z",
        "user": 1,
        "content_type": 13,
        "object_id": "5",
        "object_repr": "Dadant US 10-frame",
        "action_flag": 2,
        "change_message": "[{\"changed\": {\"fields\": [\"Name\"]}}]"
    }
},
{
    "model": "admin.logentry",
    "pk": 9,
    "fields": {
        "action_time": "2024-11-29T20:02:08.321Z",
        "user": 1,
        "content_type": 13,
        "object_id": "4",
        "object_repr": "Dadant US 12-frame",
        "action_flag": 2,
        "change_message": "[{\"changed\": {\"fields\": [\"Depth shallow mm\"]}}]"
    }
},
{
    "model": "admin.logentry",
    "pk": 10,
    "fields": {
        "action_time": "2024-11-29T20:18:36.134Z",
        "user": 1,
        "content_type": 13,
        "object_id": "6",
        "object_repr": "Zander 10-frame",
        "action_flag": 1,
        "change_message": "[{\"added\": {}}]"
    }
},
{
    "model": "admin.logentry",
    "pk": 11,
    "fields": {
        "action_time": "2024-11-29T20:21:53.099Z",
        "user": 1,
        "content_type": 13,
        "object_id": "7",
        "object_repr": "DNM",
        "action_flag": 1,
        "change_message": "[{\"added\": {}}]"
    }
},
{
    "model": "admin.logentry",
    "pk": 12,
    "fields": {
        "action_time": "2024-12-02T08:57:34.950Z",
        "user": 1,
        "content_type": 14,
        "object_id": "1",
        "object_repr": "Hive_components",
        "action_flag": 1,
        "change_message": "[{\"added\": {}}]"
    }
},
{
    "model": "admin.logentry",
    "pk": 13,
    "fields": {
        "action_time": "2024-12-02T08:58:07.335Z",
        "user": 1,
        "content_type": 14,
        "object_id": "2",
        "object_repr": "machines",
        "action_flag": 1,
        "change_message": "[{\"added\": {}}]"
    }
},
{
    "model": "admin.logentry",
    "pk": 14,
    "fields": {
        "action_time": "2024-12-02T08:58:16.585Z",
        "user": 1,
        "content_type": 14,
        "object_id": "1",
        "object_repr": "hive_components",
        "action_flag": 2,
        "change_message": "[{\"changed\": {\"fields\": [\"Name\"]}}]"
    }
},
{
    "model": "admin.logentry",
    "pk": 15,
    "fields": {
        "action_time": "2024-12-02T08:58:47.718Z",
        "user": 1,
        "content_type": 14,
        "object_id": "1",
        "object_repr": "boxes",
        "action_flag": 2,
        "change_message": "[{\"changed\": {\"fields\": [\"Name\", \"Friendly name\"]}}]"
    }
},
{
    "model": "admin.logentry",
    "pk": 16,
    "fields": {
        "action_time": "2024-12-02T08:59:40.889Z",
        "user": 1,
        "content_type": 14,
        "object_id": "3",
        "object_repr": "inner_covers",
        "action_flag": 1,
        "change_message": "[{\"added\": {}}]"
    }
},
{
    "model": "admin.logentry",
    "pk": 17,
    "fields": {
        "action_time": "2024-12-02T08:59:56.835Z",
        "user": 1,
        "content_type": 14,
        "object_id": "4",
        "object_repr": "roofs",
        "action_flag": 1,
        "change_message": "[{\"added\": {}}]"
    }
},
{
    "model": "admin.logentry",
    "pk": 18,
    "fields": {
        "action_time": "2024-12-02T09:00:11.037Z",
        "user": 1,
        "content_type": 14,
        "object_id": "5",
        "object_repr": "floors",
        "action_flag": 1,
        "change_message": "[{\"added\": {}}]"
    }
},
{
    "model": "admin.logentry",
    "pk": 19,
    "fields": {
        "action_time": "2024-12-02T09:00:43.048Z",
        "user": 1,
        "content_type": 14,
        "object_id": "6",
        "object_repr": "feeders",
        "action_flag": 1,
        "change_message": "[{\"added\": {}}]"
    }
},
{
    "model": "admin.logentry",
    "pk": 20,
    "fields": {
        "action_time": "2024-12-02T09:01:06.067Z",
        "user": 1,
        "content_type": 14,
        "object_id": "7",
        "object_repr": "hand_tools",
        "action_flag": 1,
        "change_message": "[{\"added\": {}}]"
    }
},
{
    "model": "admin.logentry",
    "pk": 21,
    "fields": {
        "action_time": "2024-12-02T09:01:56.658Z",
        "user": 1,
        "content_type": 14,
        "object_id": "8",
        "object_repr": "treatments",
        "action_flag": 1,
        "change_message": "[{\"added\": {}}]"
    }
},
{
    "model": "admin.logentry",
    "pk": 22,
    "fields": {
        "action_time": "2024-12-02T09:02:22.950Z",
        "user": 1,
        "content_type": 14,
        "object_id": "9",
        "object_repr": "food",
        "action_flag": 1,
        "change_message": "[{\"added\": {}}]"
    }
},
{
    "model": "admin.logentry",
    "pk": 23,
    "fields": {
        "action_time": "2024-12-02T09:02:53.609Z",
        "user": 1,
        "content_type": 14,
        "object_id": "10",
        "object_repr": "frames",
        "action_flag": 1,
        "change_message": "[{\"added\": {}}]"
    }
},
{
    "model": "admin.logentry",
    "pk": 24,
    "fields": {
        "action_time": "2024-12-02T11:23:22.485Z",
        "user": 1,
        "content_type": 15,
        "object_id": "1",
        "object_repr": "Langstroth 10-frame deep bee box",
        "action_flag": 1,
        "change_message": "[{\"added\": {}}]"
    }
},
{
    "model": "admin.logentry",
    "pk": 25,
    "fields": {
        "action_time": "2024-12-02T11:23:57.864Z",
        "user": 1,
        "content_type": 15,
        "object_id": "1",
        "object_repr": "Langstroth 10-frame deep bee box",
        "action_flag": 2,
        "change_message": "[]"
    }
},
{
    "model": "admin.logentry",
    "pk": 26,
    "fields": {
        "action_time": "2024-12-02T11:25:15.158Z",
        "user": 1,
        "content_type": 15,
        "object_id": "2",
        "object_repr": "Langstroth 8-frame",
        "action_flag": 1,
        "change_message": "[{\"added\": {}}]"
    }
},
{
    "model": "admin.logentry",
    "pk": 27,
    "fields": {
        "action_time": "2024-12-02T11:25:33.822Z",
        "user": 1,
        "content_type": 15,
        "object_id": "1",
        "object_repr": "Langstroth 10-frame deep bee box",
        "action_flag": 2,
        "change_message": "[{\"changed\": {\"fields\": [\"Sku\"]}}]"
    }
},
{
    "model": "admin.logentry",
    "pk": 28,
    "fields": {
        "action_time": "2024-12-02T11:27:22.092Z",
        "user": 1,
        "content_type": 15,
        "object_id": "3",
        "object_repr": "Langstroth 5-frame deep box",
        "action_flag": 1,
        "change_message": "[{\"added\": {}}]"
    }
},
{
    "model": "admin.logentry",
    "pk": 29,
    "fields": {
        "action_time": "2024-12-02T11:32:36.131Z",
        "user": 1,
        "content_type": 13,
        "object_id": "7",
        "object_repr": "DNM",
        "action_flag": 2,
        "change_message": "[{\"changed\": {\"fields\": [\"Depth deep mm\"]}}]"
    }
},
{
    "model": "admin.logentry",
    "pk": 30,
    "fields": {
        "action_time": "2024-12-02T12:46:53.683Z",
        "user": 1,
        "content_type": 14,
        "object_id": "11",
        "object_repr": "protective_clothing",
        "action_flag": 1,
        "change_message": "[{\"added\": {}}]"
    }
},
{
    "model": "admin.logentry",
    "pk": 31,
    "fields": {
        "action_time": "2024-12-02T12:50:44.855Z",
        "user": 1,
        "content_type": 15,
        "object_id": "3",
        "object_repr": "Langstroth 5-frame deep box",
        "action_flag": 3,
        "change_message": ""
    }
},
{
    "model": "admin.logentry",
    "pk": 32,
    "fields": {
        "action_time": "2024-12-02T12:50:44.856Z",
        "user": 1,
        "content_type": 15,
        "object_id": "2",
        "object_repr": "Langstroth 8-frame",
        "action_flag": 3,
        "change_message": ""
    }
},
{
    "model": "admin.logentry",
    "pk": 33,
    "fields": {
        "action_time": "2024-12-02T12:50:44.857Z",
        "user": 1,
        "content_type": 15,
        "object_id": "1",
        "object_repr": "Langstroth 10-frame deep bee box",
        "action_flag": 3,
        "change_message": ""
    }
},
{
    "model": "admin.logentry",
    "pk": 34,
    "fields": {
        "action_time": "2024-12-02T18:33:28.236Z",
        "user": 1,
        "content_type": 14,
        "object_id": "14",
        "object_repr": "miscellaneous",
        "action_flag": 3,
        "change_message": ""
    }
},
{
    "model": "auth.permission",
    "pk": 1,
    "fields": {
        "name": "Can add log entry",
        "content_type": 1,
        "codename": "add_logentry"
    }
},
{
    "model": "auth.permission",
    "pk": 2,
    "fields": {
        "name": "Can change log entry",
        "content_type": 1,
        "codename": "change_logentry"
    }
},
{
    "model": "auth.permission",
    "pk": 3,
    "fields": {
        "name": "Can delete log entry",
        "content_type": 1,
        "codename": "delete_logentry"
    }
},
{
    "model": "auth.permission",
    "pk": 4,
    "fields": {
        "name": "Can view log entry",
        "content_type": 1,
        "codename": "view_logentry"
    }
},
{
    "model": "auth.permission",
    "pk": 5,
    "fields": {
        "name": "Can add permission",
        "content_type": 2,
        "codename": "add_permission"
    }
},
{
    "model": "auth.permission",
    "pk": 6,
    "fields": {
        "name": "Can change permission",
        "content_type": 2,
        "codename": "change_permission"
    }
},
{
    "model": "auth.permission",
    "pk": 7,
    "fields": {
        "name": "Can delete permission",
        "content_type": 2,
        "codename": "delete_permission"
    }
},
{
    "model": "auth.permission",
    "pk": 8,
    "fields": {
        "name": "Can view permission",
        "content_type": 2,
        "codename": "view_permission"
    }
},
{
    "model": "auth.permission",
    "pk": 9,
    "fields": {
        "name": "Can add group",
        "content_type": 3,
        "codename": "add_group"
    }
},
{
    "model": "auth.permission",
    "pk": 10,
    "fields": {
        "name": "Can change group",
        "content_type": 3,
        "codename": "change_group"
    }
},
{
    "model": "auth.permission",
    "pk": 11,
    "fields": {
        "name": "Can delete group",
        "content_type": 3,
        "codename": "delete_group"
    }
},
{
    "model": "auth.permission",
    "pk": 12,
    "fields": {
        "name": "Can view group",
        "content_type": 3,
        "codename": "view_group"
    }
},
{
    "model": "auth.permission",
    "pk": 13,
    "fields": {
        "name": "Can add user",
        "content_type": 4,
        "codename": "add_user"
    }
},
{
    "model": "auth.permission",
    "pk": 14,
    "fields": {
        "name": "Can change user",
        "content_type": 4,
        "codename": "change_user"
    }
},
{
    "model": "auth.permission",
    "pk": 15,
    "fields": {
        "name": "Can delete user",
        "content_type": 4,
        "codename": "delete_user"
    }
},
{
    "model": "auth.permission",
    "pk": 16,
    "fields": {
        "name": "Can view user",
        "content_type": 4,
        "codename": "view_user"
    }
},
{
    "model": "auth.permission",
    "pk": 17,
    "fields": {
        "name": "Can add content type",
        "content_type": 5,
        "codename": "add_contenttype"
    }
},
{
    "model": "auth.permission",
    "pk": 18,
    "fields": {
        "name": "Can change content type",
        "content_type": 5,
        "codename": "change_contenttype"
    }
},
{
    "model": "auth.permission",
    "pk": 19,
    "fields": {
        "name": "Can delete content type",
        "content_type": 5,
        "codename": "delete_contenttype"
    }
},
{
    "model": "auth.permission",
    "pk": 20,
    "fields": {
        "name": "Can view content type",
        "content_type": 5,
        "codename": "view_contenttype"
    }
},
{
    "model": "auth.permission",
    "pk": 21,
    "fields": {
        "name": "Can add session",
        "content_type": 6,
        "codename": "add_session"
    }
},
{
    "model": "auth.permission",
    "pk": 22,
    "fields": {
        "name": "Can change session",
        "content_type": 6,
        "codename": "change_session"
    }
},
{
    "model": "auth.permission",
    "pk": 23,
    "fields": {
        "name": "Can delete session",
        "content_type": 6,
        "codename": "delete_session"
    }
},
{
    "model": "auth.permission",
    "pk": 24,
    "fields": {
        "name": "Can view session",
        "content_type": 6,
        "codename": "view_session"
    }
},
{
    "model": "auth.permission",
    "pk": 25,
    "fields": {
        "name": "Can add site",
        "content_type": 7,
        "codename": "add_site"
    }
},
{
    "model": "auth.permission",
    "pk": 26,
    "fields": {
        "name": "Can change site",
        "content_type": 7,
        "codename": "change_site"
    }
},
{
    "model": "auth.permission",
    "pk": 27,
    "fields": {
        "name": "Can delete site",
        "content_type": 7,
        "codename": "delete_site"
    }
},
{
    "model": "auth.permission",
    "pk": 28,
    "fields": {
        "name": "Can view site",
        "content_type": 7,
        "codename": "view_site"
    }
},
{
    "model": "auth.permission",
    "pk": 29,
    "fields": {
        "name": "Can add email address",
        "content_type": 8,
        "codename": "add_emailaddress"
    }
},
{
    "model": "auth.permission",
    "pk": 30,
    "fields": {
        "name": "Can change email address",
        "content_type": 8,
        "codename": "change_emailaddress"
    }
},
{
    "model": "auth.permission",
    "pk": 31,
    "fields": {
        "name": "Can delete email address",
        "content_type": 8,
        "codename": "delete_emailaddress"
    }
},
{
    "model": "auth.permission",
    "pk": 32,
    "fields": {
        "name": "Can view email address",
        "content_type": 8,
        "codename": "view_emailaddress"
    }
},
{
    "model": "auth.permission",
    "pk": 33,
    "fields": {
        "name": "Can add email confirmation",
        "content_type": 9,
        "codename": "add_emailconfirmation"
    }
},
{
    "model": "auth.permission",
    "pk": 34,
    "fields": {
        "name": "Can change email confirmation",
        "content_type": 9,
        "codename": "change_emailconfirmation"
    }
},
{
    "model": "auth.permission",
    "pk": 35,
    "fields": {
        "name": "Can delete email confirmation",
        "content_type": 9,
        "codename": "delete_emailconfirmation"
    }
},
{
    "model": "auth.permission",
    "pk": 36,
    "fields": {
        "name": "Can view email confirmation",
        "content_type": 9,
        "codename": "view_emailconfirmation"
    }
},
{
    "model": "auth.permission",
    "pk": 37,
    "fields": {
        "name": "Can add social account",
        "content_type": 10,
        "codename": "add_socialaccount"
    }
},
{
    "model": "auth.permission",
    "pk": 38,
    "fields": {
        "name": "Can change social account",
        "content_type": 10,
        "codename": "change_socialaccount"
    }
},
{
    "model": "auth.permission",
    "pk": 39,
    "fields": {
        "name": "Can delete social account",
        "content_type": 10,
        "codename": "delete_socialaccount"
    }
},
{
    "model": "auth.permission",
    "pk": 40,
    "fields": {
        "name": "Can view social account",
        "content_type": 10,
        "codename": "view_socialaccount"
    }
},
{
    "model": "auth.permission",
    "pk": 41,
    "fields": {
        "name": "Can add social application",
        "content_type": 11,
        "codename": "add_socialapp"
    }
},
{
    "model": "auth.permission",
    "pk": 42,
    "fields": {
        "name": "Can change social application",
        "content_type": 11,
        "codename": "change_socialapp"
    }
},
{
    "model": "auth.permission",
    "pk": 43,
    "fields": {
        "name": "Can delete social application",
        "content_type": 11,
        "codename": "delete_socialapp"
    }
},
{
    "model": "auth.permission",
    "pk": 44,
    "fields": {
        "name": "Can view social application",
        "content_type": 11,
        "codename": "view_socialapp"
    }
},
{
    "model": "auth.permission",
    "pk": 45,
    "fields": {
        "name": "Can add social application token",
        "content_type": 12,
        "codename": "add_socialtoken"
    }
},
{
    "model": "auth.permission",
    "pk": 46,
    "fields": {
        "name": "Can change social application token",
        "content_type": 12,
        "codename": "change_socialtoken"
    }
},
{
    "model": "auth.permission",
    "pk": 47,
    "fields": {
        "name": "Can delete social application token",
        "content_type": 12,
        "codename": "delete_socialtoken"
    }
},
{
    "model": "auth.permission",
    "pk": 48,
    "fields": {
        "name": "Can view social application token",
        "content_type": 12,
        "codename": "view_socialtoken"
    }
},
{
    "model": "auth.permission",
    "pk": 49,
    "fields": {
        "name": "Can add husbandry system",
        "content_type": 13,
        "codename": "add_husbandrysystem"
    }
},
{
    "model": "auth.permission",
    "pk": 50,
    "fields": {
        "name": "Can change husbandry system",
        "content_type": 13,
        "codename": "change_husbandrysystem"
    }
},
{
    "model": "auth.permission",
    "pk": 51,
    "fields": {
        "name": "Can delete husbandry system",
        "content_type": 13,
        "codename": "delete_husbandrysystem"
    }
},
{
    "model": "auth.permission",
    "pk": 52,
    "fields": {
        "name": "Can view husbandry system",
        "content_type": 13,
        "codename": "view_husbandrysystem"
    }
},
{
    "model": "auth.permission",
    "pk": 53,
    "fields": {
        "name": "Can add category",
        "content_type": 14,
        "codename": "add_category"
    }
},
{
    "model": "auth.permission",
    "pk": 54,
    "fields": {
        "name": "Can change category",
        "content_type": 14,
        "codename": "change_category"
    }
},
{
    "model": "auth.permission",
    "pk": 55,
    "fields": {
        "name": "Can delete category",
        "content_type": 14,
        "codename": "delete_category"
    }
},
{
    "model": "auth.permission",
    "pk": 56,
    "fields": {
        "name": "Can view category",
        "content_type": 14,
        "codename": "view_category"
    }
},
{
    "model": "auth.permission",
    "pk": 57,
    "fields": {
        "name": "Can add product",
        "content_type": 15,
        "codename": "add_product"
    }
},
{
    "model": "auth.permission",
    "pk": 58,
    "fields": {
        "name": "Can change product",
        "content_type": 15,
        "codename": "change_product"
    }
},
{
    "model": "auth.permission",
    "pk": 59,
    "fields": {
        "name": "Can delete product",
        "content_type": 15,
        "codename": "delete_product"
    }
},
{
    "model": "auth.permission",
    "pk": 60,
    "fields": {
        "name": "Can view product",
        "content_type": 15,
        "codename": "view_product"
    }
},
{
    "model": "auth.permission",
    "pk": 61,
    "fields": {
        "name": "Can add order",
        "content_type": 16,
        "codename": "add_order"
    }
},
{
    "model": "auth.permission",
    "pk": 62,
    "fields": {
        "name": "Can change order",
        "content_type": 16,
        "codename": "change_order"
    }
},
{
    "model": "auth.permission",
    "pk": 63,
    "fields": {
        "name": "Can delete order",
        "content_type": 16,
        "codename": "delete_order"
    }
},
{
    "model": "auth.permission",
    "pk": 64,
    "fields": {
        "name": "Can view order",
        "content_type": 16,
        "codename": "view_order"
    }
},
{
    "model": "auth.permission",
    "pk": 65,
    "fields": {
        "name": "Can add order line item",
        "content_type": 17,
        "codename": "add_orderlineitem"
    }
},
{
    "model": "auth.permission",
    "pk": 66,
    "fields": {
        "name": "Can change order line item",
        "content_type": 17,
        "codename": "change_orderlineitem"
    }
},
{
    "model": "auth.permission",
    "pk": 67,
    "fields": {
        "name": "Can delete order line item",
        "content_type": 17,
        "codename": "delete_orderlineitem"
    }
},
{
    "model": "auth.permission",
    "pk": 68,
    "fields": {
        "name": "Can view order line item",
        "content_type": 17,
        "codename": "view_orderlineitem"
    }
},
{
    "model": "auth.permission",
    "pk": 69,
    "fields": {
        "name": "Can add user profile",
        "content_type": 18,
        "codename": "add_userprofile"
    }
},
{
    "model": "auth.permission",
    "pk": 70,
    "fields": {
        "name": "Can change user profile",
        "content_type": 18,
        "codename": "change_userprofile"
    }
},
{
    "model": "auth.permission",
    "pk": 71,
    "fields": {
        "name": "Can delete user profile",
        "content_type": 18,
        "codename": "delete_userprofile"
    }
},
{
    "model": "auth.permission",
    "pk": 72,
    "fields": {
        "name": "Can view user profile",
        "content_type": 18,
        "codename": "view_userprofile"
    }
},
{
    "model": "auth.user",
    "pk": 1,
    "fields": {
        "password": "pbkdf2_sha256$600000$8Ihg1bTxWVW7ZQNdVh8Euz$RIAjCPw8s38TBprTZBYvSwIHf0NFeLJOFk6wKSovRls=",
        "last_login": "2024-11-29T17:44:53.957Z",
        "is_superuser": true,
        "username": "JaimeH",
        "first_name": "",
        "last_name": "",
        "email": "hylandjaime@gmail.com",
        "is_staff": true,
        "is_active": true,
        "date_joined": "2024-11-29T17:43:44.861Z",
        "groups": [],
        "user_permissions": []
    }
},
{
    "model": "contenttypes.contenttype",
    "pk": 1,
    "fields": {
        "app_label": "admin",
        "model": "logentry"
    }
},
{
    "model": "contenttypes.contenttype",
    "pk": 2,
    "fields": {
        "app_label": "auth",
        "model": "permission"
    }
},
{
    "model": "contenttypes.contenttype",
    "pk": 3,
    "fields": {
        "app_label": "auth",
        "model": "group"
    }
},
{
    "model": "contenttypes.contenttype",
    "pk": 4,
    "fields": {
        "app_label": "auth",
        "model": "user"
    }
},
{
    "model": "contenttypes.contenttype",
    "pk": 5,
    "fields": {
        "app_label": "contenttypes",
        "model": "contenttype"
    }
},
{
    "model": "contenttypes.contenttype",
    "pk": 6,
    "fields": {
        "app_label": "sessions",
        "model": "session"
    }
},
{
    "model": "contenttypes.contenttype",
    "pk": 7,
    "fields": {
        "app_label": "sites",
        "model": "site"
    }
},
{
    "model": "contenttypes.contenttype",
    "pk": 8,
    "fields": {
        "app_label": "account",
        "model": "emailaddress"
    }
},
{
    "model": "contenttypes.contenttype",
    "pk": 9,
    "fields": {
        "app_label": "account",
        "model": "emailconfirmation"
    }
},
{
    "model": "contenttypes.contenttype",
    "pk": 10,
    "fields": {
        "app_label": "socialaccount",
        "model": "socialaccount"
    }
},
{
    "model": "contenttypes.contenttype",
    "pk": 11,
    "fields": {
        "app_label": "socialaccount",
        "model": "socialapp"
    }
},
{
    "model": "contenttypes.contenttype",
    "pk": 12,
    "fields": {
        "app_label": "socialaccount",
        "model": "socialtoken"
    }
},
{
    "model": "contenttypes.contenttype",
    "pk": 13,
    "fields": {
        "app_label": "husbandry_system",
        "model": "husbandrysystem"
    }
},
{
    "model": "contenttypes.contenttype",
    "pk": 14,
    "fields": {
        "app_label": "products",
        "model": "category"
    }
},
{
    "model": "contenttypes.contenttype",
    "pk": 15,
    "fields": {
        "app_label": "products",
        "model": "product"
    }
},
{
    "model": "contenttypes.contenttype",
    "pk": 16,
    "fields": {
        "app_label": "checkout",
        "model": "order"
    }
},
{
    "model": "contenttypes.contenttype",
    "pk": 17,
    "fields": {
        "app_label": "checkout",
        "model": "orderlineitem"
    }
},
{
    "model": "contenttypes.contenttype",
    "pk": 18,
    "fields": {
        "app_label": "profiles",
        "model": "userprofile"
    }
},
{
    "model": "sessions.session",
    "pk": "1rof3kkf96a6j40ruxpc4xp475o3rccx",
    "fields": {
        "session_data": ".eJxVjEEOgyAUBe_C2hBAUHDZfc9APvBR2gYb0aSN8e7VxkW7nZn3VmJhmQe7FJxsCqQjnFS_zIG_Yz5EuEHuR-rHPE_J0SOhpy30OgZ8XM7272CAMuzrxksApySTSqAxyDnKyGUrGDpkLTiua-kxRs1CVN7HALpxHI1SWkD9PS1YShqzxdczTW_SccFMw1hFHPSkWwk3O9u2Dw-hRN4:1tIBEe:AxS6uZF2sJ8Xomc_aWcAAI7ig5W6LpoU2Wr5aY_Shtg",
        "expire_date": "2024-12-16T18:33:28.303Z"
    }
},
{
    "model": "sites.site",
    "pk": 1,
    "fields": {
        "domain": "example.com",
        "name": "example.com"
    }
},
{
    "model": "products.category",
    "pk": 1,
    "fields": {
        "name": "boxes",
        "friendly_name": "Boxes"
    }
},
{
    "model": "products.category",
    "pk": 2,
    "fields": {
        "name": "machines",
        "friendly_name": "Machines"
    }
},
{
    "model": "products.category",
    "pk": 3,
    "fields": {
        "name": "inner_covers",
        "friendly_name": "Inner covers"
    }
},
{
    "model": "products.category",
    "pk": 4,
    "fields": {
        "name": "roofs",
        "friendly_name": "Roofs"
    }
},
{
    "model": "products.category",
    "pk": 5,
    "fields": {
        "name": "floors",
        "friendly_name": "Floors"
    }
},
{
    "model": "products.category",
    "pk": 6,
    "fields": {
        "name": "feeders",
        "friendly_name": "Feeders"
    }
},
{
    "model": "products.category",
    "pk": 7,
    "fields": {
        "name": "hand_tools",
        "friendly_name": "Hand tools"
    }
},
{
    "model": "products.category",
    "pk": 8,
    "fields": {
        "name": "bee_treatments",
        "friendly_name": "Bee treatments"
    }
},
{
    "model": "products.category",
    "pk": 9,
    "fields": {
        "name": "tacks_wires",
        "friendly_name": "Tacks & wires"
    }
},
{
    "model": "products.category",
    "pk": 10,
    "fields": {
        "name": "frames",
        "friendly_name": "Frames"
    }
},
{
    "model": "products.category",
    "pk": 11,
    "fields": {
        "name": "miscellaneous",
        "friendly_name": "Miscellaneous"
    }
},
{
    "model": "products.category",
    "pk": 12,
    "fields": {
        "name": "wax_products",
        "friendly_name": "Wax products"
    }
},
{
    "model": "products.category",
    "pk": 13,
    "fields": {
        "name": "tacks_wires",
        "friendly_name": "Tacks & wires"
    }
},
{
    "model": "products.product",
    "pk": 1,
    "fields": {
        "category": 1,
        "sku": "bbdlang1000001",
        "name": "Langstroth 10-frame deep box",
        "materials": "wood",
        "description": "This box is perfect as a brood box for Langstroth hives containing 10 frames per box. Be careful to buy the correct sized frames for it.",
        "has_clothing_sizes": false,
        "husbandry_system": 1,
        "price": "25.00",
        "image_url": "http://s7d9.scene7.com/is/image/JCPenney/DP0709201205510679M.tif?hei=380&amp;wid=380&op_usm=.4,.8,0,0&resmode=sharp2&op_usm=1.5,.8,0,0&resmode=sharp",
        "image": "beeboxdeep.webp",
        "in_stock": true
    }
},
{
    "model": "products.product",
    "pk": 2,
    "fields": {
        "category": 1,
        "sku": "bbdlang0800001",
        "name": "Langstroth 8-frame deep box",
        "materials": "wood",
        "description": "This box is perfect as a brood box for Langstroth hives containing 8 frames per box. Be careful to buy the correct sized frames for it.",
        "has_clothing_sizes": false,
        "husbandry_system": 2,
        "price": "22.00",
        "image_url": "http://s7d9.scene7.com/is/image/JCPenney/DP0709201205510679M.tif?hei=380&amp;wid=380&op_usm=.4,.8,0,0&resmode=sharp2&op_usm=1.5,.8,0,0&resmode=sharp",
        "image": "beeboxdeep.webp",
        "in_stock": true
    }
},
{
    "model": "products.product",
    "pk": 3,
    "fields": {
        "category": 1,
        "sku": "bbdlang0500001",
        "name": "Langstroth 5-frame deep box",
        "materials": "wood",
        "description": "This box is perfect as a brood box for Langstroth hives containing 5 frames per box. Be careful to buy the correct sized frames for it.",
        "has_clothing_sizes": false,
        "husbandry_system": 3,
        "price": "19.00",
        "image_url": "http://s7d9.scene7.com/is/image/JCPenney/DP0709201205510679M.tif?hei=380&amp;wid=380&op_usm=.4,.8,0,0&resmode=sharp2&op_usm=1.5,.8,0,0&resmode=sharp",
        "image": "beeboxdeep.webp",
        "in_stock": true
    }
},
{
    "model": "products.product",
    "pk": 4,
    "fields": {
        "category": 1,
        "sku": "bbdzand1000001",
        "name": "Zander 10-frame deep box",
        "materials": null,
        "description": "This box is perfect as a brood box for Zander hives (containing 10 frames per box). Be careful to buy the correct sized frames for it.",
        "has_clothing_sizes": false,
        "husbandry_system": 6,
        "price": "25.00",
        "image_url": "http://s7d9.scene7.com/is/image/JCPenney/DP0709201205510679M.tif?hei=380&amp;wid=380&op_usm=.4,.8,0,0&resmode=sharp2&op_usm=1.5,.8,0,0&resmode=sharp",
        "image": "beeboxdeep.webp",
        "in_stock": true
    }
},
{
    "model": "products.product",
    "pk": 5,
    "fields": {
        "category": 1,
        "sku": "bbddnms1000001",
        "name": "DNM 10-frame deep box",
        "materials": null,
        "description": "This box is perfect as a brood box for DNM hives (which contain 10 frames per box). Be careful to buy the correct sized frames for it.",
        "has_clothing_sizes": false,
        "husbandry_system": 7,
        "price": "25.00",
        "image_url": "http://s7d9.scene7.com/is/image/JCPenney/DP0709201205510679M.tif?hei=380&amp;wid=380&op_usm=.4,.8,0,0&resmode=sharp2&op_usm=1.5,.8,0,0&resmode=sharp",
        "image": "beeboxdeep.webp",
        "in_stock": true
    }
},
{
    "model": "products.product",
    "pk": 6,
    "fields": {
        "category": 1,
        "sku": "bbddada1000001",
        "name": "Dadant US 10-frame deep box",
        "materials": null,
        "description": "This box is perfect as a brood box for Dadant hives in US style containing 10 frames per box). Be careful to buy the correct sized frames for it.",
        "has_clothing_sizes": false,
        "husbandry_system": 5,
        "price": "26.00",
        "image_url": "http://s7d9.scene7.com/is/image/JCPenney/DP0709201205510679M.tif?hei=380&amp;wid=380&op_usm=.4,.8,0,0&resmode=sharp2&op_usm=1.5,.8,0,0&resmode=sharp",
        "image": "beeboxdeep.webp",
        "in_stock": true
    }
},
{
    "model": "products.product",
    "pk": 7,
    "fields": {
        "category": 1,
        "sku": "bbddada1200001",
        "name": "Dadant US 12-frame deep box",
        "materials": null,
        "description": "This box is perfect as a brood box for Dadant hives in US style containing 12 frames per box). Be careful to buy the correct sized frames for it.",
        "has_clothing_sizes": false,
        "husbandry_system": 4,
        "price": "31.00",
        "image_url": "http://s7d9.scene7.com/is/image/JCPenney/DP0709201205510679M.tif?hei=380&amp;wid=380&op_usm=.4,.8,0,0&resmode=sharp2&op_usm=1.5,.8,0,0&resmode=sharp",
        "image": "beeboxdeep.webp",
        "in_stock": true
    }
},
{
    "model": "products.product",
    "pk": 8,
    "fields": {
        "category": 1,
        "sku": "bbmlang1000001",
        "name": "Langstroth 10-frame medium box",
        "materials": "wood",
        "description": "This box is perfect as a honey super for Langstroth hives containing 10 frames per box. Be careful to buy the correct sized frames for it.",
        "has_clothing_sizes": false,
        "husbandry_system": 1,
        "price": "25.00",
        "image_url": "http://s7d9.scene7.com/is/image/JCPenney/DP0709201205510679M.tif?hei=380&amp;wid=380&op_usm=.4,.8,0,0&resmode=sharp2&op_usm=1.5,.8,0,0&resmode=sharp",
        "image": "beeboxmedium.jpg",
        "in_stock": true
    }
},
{
    "model": "products.product",
    "pk": 9,
    "fields": {
        "category": 1,
        "sku": "bbmlang0800001",
        "name": "Langstroth 8-frame medium box",
        "materials": "wood",
        "description": "This box is perfect as a honey super for Langstroth hives containing 8 frames per box. Be careful to buy the correct sized frames for it.",
        "has_clothing_sizes": false,
        "husbandry_system": 2,
        "price": "22.00",
        "image_url": "http://s7d9.scene7.com/is/image/JCPenney/DP0709201205510679M.tif?hei=380&amp;wid=380&op_usm=.4,.8,0,0&resmode=sharp2&op_usm=1.5,.8,0,0&resmode=sharp",
        "image": "beeboxmedium.jpg",
        "in_stock": true
    }
},
{
    "model": "products.product",
    "pk": 10,
    "fields": {
        "category": 1,
        "sku": "bbmlang0500001",
        "name": "Langstroth 5-frame medium box",
        "materials": "wood",
        "description": "This box is perfect as a honey super for Langstroth hives containing 5 frames per box. Be careful to buy the correct sized frames for it.",
        "has_clothing_sizes": false,
        "husbandry_system": 3,
        "price": "19.00",
        "image_url": "http://s7d9.scene7.com/is/image/JCPenney/DP0709201205510679M.tif?hei=380&amp;wid=380&op_usm=.4,.8,0,0&resmode=sharp2&op_usm=1.5,.8,0,0&resmode=sharp",
        "image": "beeboxmedium.jpg",
        "in_stock": true
    }
},
{
    "model": "products.product",
    "pk": 11,
    "fields": {
        "category": 1,
        "sku": "bbmzand1000001",
        "name": "Zander 10-frame medium box",
        "materials": null,
        "description": "This box is perfect as a honey super for Zander hives (containing 10 frames per box). Be careful to buy the correct sized frames for it.",
        "has_clothing_sizes": false,
        "husbandry_system": 6,
        "price": "25.00",
        "image_url": "http://s7d9.scene7.com/is/image/JCPenney/DP0709201205510679M.tif?hei=380&amp;wid=380&op_usm=.4,.8,0,0&resmode=sharp2&op_usm=1.5,.8,0,0&resmode=sharp",
        "image": "beeboxmedium.jpg",
        "in_stock": true
    }
},
{
    "model": "products.product",
    "pk": 12,
    "fields": {
        "category": 1,
        "sku": "bbmnms1000001",
        "name": "DNM 10-frame medium box",
        "materials": null,
        "description": "This box is perfect as a honey super for DNM hives (which contain 10 frames per box). Be careful to buy the correct sized frames for it.",
        "has_clothing_sizes": false,
        "husbandry_system": 7,
        "price": "25.00",
        "image_url": "http://s7d9.scene7.com/is/image/JCPenney/DP0709201205510679M.tif?hei=380&amp;wid=380&op_usm=.4,.8,0,0&resmode=sharp2&op_usm=1.5,.8,0,0&resmode=sharp",
        "image": "beeboxmedium.jpg",
        "in_stock": true
    }
},
{
    "model": "products.product",
    "pk": 13,
    "fields": {
        "category": 1,
        "sku": "bbmdada1000001",
        "name": "Dadant US 10-frame medium box",
        "materials": null,
        "description": "This box is perfect as a honey super for Dadant hives in US style containing 10 frames per box). Be careful to buy the correct sized frames for it.",
        "has_clothing_sizes": false,
        "husbandry_system": 5,
        "price": "26.00",
        "image_url": "http://s7d9.scene7.com/is/image/JCPenney/DP0709201205510679M.tif?hei=380&amp;wid=380&op_usm=.4,.8,0,0&resmode=sharp2&op_usm=1.5,.8,0,0&resmode=sharp",
        "image": "beeboxmedium.jpg",
        "in_stock": true
    }
},
{
    "model": "products.product",
    "pk": 14,
    "fields": {
        "category": 1,
        "sku": "bbmdada1200001",
        "name": "Dadant US 12-frame deep box",
        "materials": null,
        "description": "This box is perfect as a honey super for Dadant hives in US style containing 12 frames per box). Be careful to buy the correct sized frames for it.",
        "has_clothing_sizes": false,
        "husbandry_system": 4,
        "price": "31.00",
        "image_url": "http://s7d9.scene7.com/is/image/JCPenney/DP0709201205510679M.tif?hei=380&amp;wid=380&op_usm=.4,.8,0,0&resmode=sharp2&op_usm=1.5,.8,0,0&resmode=sharp",
        "image": "beeboxmedium.jpg",
        "in_stock": true
    }
},
{
    "model": "products.product",
    "pk": 15,
    "fields": {
        "category": 1,
        "sku": "bbslang1000001",
        "name": "Langstroth 10-frame shallow box",
        "materials": "wood",
        "description": "This box is perfect as a light honey super (or for double brooding) in Langstroth hives containing 10 frames per box. Be careful to buy the correct sized frames for it.",
        "has_clothing_sizes": false,
        "husbandry_system": 1,
        "price": "25.00",
        "image_url": "http://s7d9.scene7.com/is/image/JCPenney/DP0709201205510679M.tif?hei=380&amp;wid=380&op_usm=.4,.8,0,0&resmode=sharp2&op_usm=1.5,.8,0,0&resmode=sharp",
        "image": "beeboxshallow.webp",
        "in_stock": true
    }
},
{
    "model": "products.product",
    "pk": 16,
    "fields": {
        "category": 1,
        "sku": "bbslang0800001",
        "name": "Langstroth 8-frame shallow box",
        "materials": "wood",
        "description": "This box is perfect as a light honey super (or for double brooding) in Langstroth hives containing 8 frames per box. Be careful to buy the correct sized frames for it.",
        "has_clothing_sizes": false,
        "husbandry_system": 2,
        "price": "22.00",
        "image_url": "http://s7d9.scene7.com/is/image/JCPenney/DP0709201205510679M.tif?hei=380&amp;wid=380&op_usm=.4,.8,0,0&resmode=sharp2&op_usm=1.5,.8,0,0&resmode=sharp",
        "image": "beeboxshallow.webp",
        "in_stock": true
    }
},
{
    "model": "products.product",
    "pk": 17,
    "fields": {
        "category": 1,
        "sku": "bbslang0500001",
        "name": "Langstroth 5-frame shallow box",
        "materials": "wood",
        "description": "This box is perfect as a light honey super (or for double brooding) in Langstroth hives containing 5 frames per box. Be careful to buy the correct sized frames for it.",
        "has_clothing_sizes": false,
        "husbandry_system": 3,
        "price": "19.00",
        "image_url": "http://s7d9.scene7.com/is/image/JCPenney/DP0709201205510679M.tif?hei=380&amp;wid=380&op_usm=.4,.8,0,0&resmode=sharp2&op_usm=1.5,.8,0,0&resmode=sharp",
        "image": "beeboxmedium.jpg",
        "in_stock": true
    }
},
{
    "model": "products.product",
    "pk": 18,
    "fields": {
        "category": 1,
        "sku": "bbszand1000001",
        "name": "Zander 10-frame medium box",
        "materials": null,
        "description": "This box is perfect a light honey super (or for double brooding) in Zander hives (containing 10 frames per box). Be careful to buy the correct sized frames for it.",
        "has_clothing_sizes": false,
        "husbandry_system": 6,
        "price": "25.00",
        "image_url": "http://s7d9.scene7.com/is/image/JCPenney/DP0709201205510679M.tif?hei=380&amp;wid=380&op_usm=.4,.8,0,0&resmode=sharp2&op_usm=1.5,.8,0,0&resmode=sharp",
        "image": "beeboxshallow.webp",
        "in_stock": true
    }
},
{
    "model": "products.product",
    "pk": 19,
    "fields": {
        "category": 1,
        "sku": "bbsnms1000001",
        "name": "DNM 10-frame medium box",
        "materials": null,
        "description": "This box is perfect a light honey super (or for double brooding) in DNM hives (which contain 10 frames per box). Be careful to buy the correct sized frames for it.",
        "has_clothing_sizes": false,
        "husbandry_system": 7,
        "price": "25.00",
        "image_url": "http://s7d9.scene7.com/is/image/JCPenney/DP0709201205510679M.tif?hei=380&amp;wid=380&op_usm=.4,.8,0,0&resmode=sharp2&op_usm=1.5,.8,0,0&resmode=sharp",
        "image": "beeboxshallow.webp",
        "in_stock": true
    }
},
{
    "model": "products.product",
    "pk": 20,
    "fields": {
        "category": 1,
        "sku": "bbsdada1000001",
        "name": "Dadant US 10-frame medium box",
        "materials": null,
        "description": "This box is perfect as a light honey super (or for double brooding) in Dadant hives in US style containing 10 frames per box). Be careful to buy the correct sized frames for it.",
        "has_clothing_sizes": false,
        "husbandry_system": 5,
        "price": "26.00",
        "image_url": "http://s7d9.scene7.com/is/image/JCPenney/DP0709201205510679M.tif?hei=380&amp;wid=380&op_usm=.4,.8,0,0&resmode=sharp2&op_usm=1.5,.8,0,0&resmode=sharp",
        "image": "beeboxshallow.webp",
        "in_stock": true
    }
},
{
    "model": "products.product",
    "pk": 21,
    "fields": {
        "category": 1,
        "sku": "bbsdada1200001",
        "name": "Dadant US 12-frame deep box",
        "materials": null,
        "description": "This box is perfect as a light honey super (or for double brooding) in Dadant hives in US style containing 12 frames per box). Be careful to buy the correct sized frames for it.",
        "has_clothing_sizes": false,
        "husbandry_system": 4,
        "price": "31.00",
        "image_url": "http://s7d9.scene7.com/is/image/JCPenney/DP0709201205510679M.tif?hei=380&amp;wid=380&op_usm=.4,.8,0,0&resmode=sharp2&op_usm=1.5,.8,0,0&resmode=sharp",
        "image": "beeboxshallow.webp",
        "in_stock": true
    }
},
{
    "model": "products.product",
    "pk": 22,
    "fields": {
        "category": 1,
        "sku": "esclang1000001",
        "name": "Langstroth 10-frame bee escape",
        "materials": null,
        "description": "Make sure your bees are gone from your honey supers before harvesting.",
        "has_clothing_sizes": false,
        "husbandry_system": 1,
        "price": "31.00",
        "image_url": "http://s7d9.scene7.com/is/image/JCPenney/DP0709201205510679M.tif?hei=380&amp;wid=380&op_usm=.4,.8,0,0&resmode=sharp2&op_usm=1.5,.8,0,0&resmode=sharp",
        "image": "beeescape.jpg",
        "in_stock": true
    }
},
{
    "model": "products.product",
    "pk": 23,
    "fields": {
        "category": 1,
        "sku": "esclang0800001",
        "name": "Langstroth 8-frame bee escape",
        "materials": null,
        "description": "Make sure your bees are gone from your honey supers before harvesting.",
        "has_clothing_sizes": false,
        "husbandry_system": 2,
        "price": "31.00",
        "image_url": "http://s7d9.scene7.com/is/image/JCPenney/DP0709201205510679M.tif?hei=380&amp;wid=380&op_usm=.4,.8,0,0&resmode=sharp2&op_usm=1.5,.8,0,0&resmode=sharp",
        "image": "beeescape.jpg",
        "in_stock": true
    }
},
{
    "model": "products.product",
    "pk": 24,
    "fields": {
        "category": 5,
        "sku": "esclang0500001",
        "name": "Langstroth 5-frame bee escape",
        "materials": null,
        "description": "Make sure your bees are gone from your honey supers before harvesting.",
        "has_clothing_sizes": false,
        "husbandry_system": 3,
        "price": "31.00",
        "image_url": "http://s7d9.scene7.com/is/image/JCPenney/DP0709201205510679M.tif?hei=380&amp;wid=380&op_usm=.4,.8,0,0&resmode=sharp2&op_usm=1.5,.8,0,0&resmode=sharp",
        "image": "beeescape.jpg",
        "in_stock": true
    }
},
{
    "model": "products.product",
    "pk": 25,
    "fields": {
        "category": 5,
        "sku": "esczand1000001",
        "name": "Zander bee escape",
        "materials": null,
        "description": "Make sure your bees are gone from your honey supers before harvesting.",
        "has_clothing_sizes": false,
        "husbandry_system": 6,
        "price": "31.00",
        "image_url": "http://s7d9.scene7.com/is/image/JCPenney/DP0709201205510679M.tif?hei=380&amp;wid=380&op_usm=.4,.8,0,0&resmode=sharp2&op_usm=1.5,.8,0,0&resmode=sharp",
        "image": "beeescape.jpg",
        "in_stock": true
    }
},
{
    "model": "products.product",
    "pk": 26,
    "fields": {
        "category": 5,
        "sku": "escdnms000001",
        "name": "DNM bee escape",
        "materials": null,
        "description": "Make sure your bees are gone from your honey supers before harvesting.",
        "has_clothing_sizes": false,
        "husbandry_system": 7,
        "price": "31.00",
        "image_url": "http://s7d9.scene7.com/is/image/JCPenney/DP0709201205510679M.tif?hei=380&amp;wid=380&op_usm=.4,.8,0,0&resmode=sharp2&op_usm=1.5,.8,0,0&resmode=sharp",
        "image": "beeescape.jpg",
        "in_stock": true
    }
},
{
    "model": "products.product",
    "pk": 27,
    "fields": {
        "category": 1,
        "sku": "escdada1000001",
        "name": "Dadant US 10-frame bee escape",
        "materials": null,
        "description": "Make sure your bees are gone from your honey supers before harvesting.",
        "has_clothing_sizes": false,
        "husbandry_system": 5,
        "price": "31.00",
        "image_url": "http://s7d9.scene7.com/is/image/JCPenney/DP0709201205510679M.tif?hei=380&amp;wid=380&op_usm=.4,.8,0,0&resmode=sharp2&op_usm=1.5,.8,0,0&resmode=sharp",
        "image": "beeescape.jpg",
        "in_stock": true
    }
},
{
    "model": "products.product",
    "pk": 28,
    "fields": {
        "category": 1,
        "sku": "escdada1200001",
        "name": "Dadant US 12-frame bee escape",
        "materials": null,
        "description": "Make sure your bees are gone from your honey supers before harvesting.",
        "has_clothing_sizes": false,
        "husbandry_system": 4,
        "price": "31.00",
        "image_url": "http://s7d9.scene7.com/is/image/JCPenney/DP0709201205510679M.tif?hei=380&amp;wid=380&op_usm=.4,.8,0,0&resmode=sharp2&op_usm=1.5,.8,0,0&resmode=sharp",
        "image": "beeescape.jpg",
        "in_stock": true
    }
},
{
    "model": "products.product",
    "pk": 29,
    "fields": {
        "category": 11,
        "sku": "bjack0000001",
        "name": "Beekeeper's tunic with veil",
        "materials": null,
        "description": "Breathable protective cloting you need to tend to your bees safely.",
        "has_clothing_sizes": false,
        "husbandry_system": null,
        "price": "31.00",
        "image_url": "http://s7d9.scene7.com/is/image/JCPenney/DP0709201205510679M.tif?hei=380&amp;wid=380&op_usm=.4,.8,0,0&resmode=sharp2&op_usm=1.5,.8,0,0&resmode=sharp",
        "image": "beekeeperjacket.jpg",
        "in_stock": true
    }
},
{
    "model": "products.product",
    "pk": 30,
    "fields": {
        "category": 11,
        "sku": "btrou0000001",
        "name": "Beekeeper's protective trousers",
        "materials": null,
        "description": "Breathable protective clothing you need to tend to your bees safely.",
        "has_clothing_sizes": true,
        "husbandry_system": null,
        "price": "31.00",
        "image_url": "http://s7d9.scene7.com/is/image/JCPenney/DP0709201205510679M.tif?hei=380&amp;wid=380&op_usm=.4,.8,0,0&resmode=sharp2&op_usm=1.5,.8,0,0&resmode=sharp",
        "image": "beekeeperjacket.jpg",
        "in_stock": true
    }
},
{
    "model": "products.product",
    "pk": 31,
    "fields": {
        "category": 11,
        "sku": "bveil0000001",
        "name": "Beekeeper's veil",
        "materials": null,
        "description": "Breathable protective clothing you need to tend to your bees safely.",
        "has_clothing_sizes": true,
        "husbandry_system": null,
        "price": "31.00",
        "image_url": "http://s7d9.scene7.com/is/image/JCPenney/DP0709201205510679M.tif?hei=380&amp;wid=380&op_usm=.4,.8,0,0&resmode=sharp2&op_usm=1.5,.8,0,0&resmode=sharp",
        "image": "beekeepersveil.jpg",
        "in_stock": true
    }
},
{
    "model": "husbandry_system.husbandrysystem",
    "pk": 1,
    "fields": {
        "name": "Langstroth 10-frame",
        "box_length_mm": 470,
        "box_width_mm": 370,
        "depth_deep_mm": 240,
        "depth_medium_mm": 170,
        "depth_shallow_mm": 144,
        "description": "The Langstroth system is widely used internationally.\r\n\r\nSuch systems generally come in three widths, all of which use identical frames: \r\nBoxes with capacity for 10 Langstroth frames.\r\nBoxes with capacity for 8 Langstroth frames.\r\nBoxes with capacity for 5 Langstroth frames.\r\n\r\nThe width measurements are the only measures that differ between the system. The length and height measurements are identical."
    }
},
{
    "model": "husbandry_system.husbandrysystem",
    "pk": 2,
    "fields": {
        "name": "Langstroth 8-frame",
        "box_length_mm": 470,
        "box_width_mm": 310,
        "depth_deep_mm": 240,
        "depth_medium_mm": 170,
        "depth_shallow_mm": 144,
        "description": "The Langstroth system is widely used internationally. Such systems generally come in three widths, all of which use identical frames: Boxes with capacity for 10 Langstroth frames, boxes with capacity for 8 Langstroth frames and boxes with capacity for 5 Langstroth frames.\r\n\r\nThe width measurements are the only measures that differ between the system. The length and height measurements are identical."
    }
},
{
    "model": "husbandry_system.husbandrysystem",
    "pk": 3,
    "fields": {
        "name": "Langstroth 5-frame",
        "box_length_mm": 470,
        "box_width_mm": 200,
        "depth_deep_mm": 240,
        "depth_medium_mm": 270,
        "depth_shallow_mm": 144,
        "description": "The Langstroth system is widely used internationally. Such systems generally come in three widths, all of which use identical frames: Boxes with capacity for 10 Langstroth frames. Boxes with capacity for 8 Langstroth frames. Boxes with capacity for 5 Langstroth frames. The width measurements are the only measures that differ between the system. The length and height measurements are identical.\r\n\r\n5-frame boxes are often used for newly created colonies, and are sometimes referred to as colony nuclei (or nucs for short)."
    }
},
{
    "model": "husbandry_system.husbandrysystem",
    "pk": 4,
    "fields": {
        "name": "Dadant US 12-frame",
        "box_length_mm": 515,
        "box_width_mm": 425,
        "depth_deep_mm": 285,
        "depth_medium_mm": 225,
        "depth_shallow_mm": 185,
        "description": "asfavd asdsafsd"
    }
},
{
    "model": "husbandry_system.husbandrysystem",
    "pk": 5,
    "fields": {
        "name": "Dadant US 10-frame",
        "box_length_mm": 482,
        "box_width_mm": 445,
        "depth_deep_mm": 285,
        "depth_medium_mm": 232,
        "depth_shallow_mm": 185,
        "description": "Vsyvs"
    }
},
{
    "model": "husbandry_system.husbandrysystem",
    "pk": 6,
    "fields": {
        "name": "Zander 10-frame",
        "box_length_mm": 460,
        "box_width_mm": 410,
        "depth_deep_mm": 245,
        "depth_medium_mm": null,
        "depth_shallow_mm": null,
        "description": "The brood chamber box and the honey super have the same internal dimensions. The brood chamber is not placed on top of a separate entrance level at floor level, but instead contains its own entrance."
    }
},
{
    "model": "husbandry_system.husbandrysystem",
    "pk": 7,
    "fields": {
        "name": "DNM",
        "box_length_mm": 465,
        "box_width_mm": 420,
        "depth_deep_mm": 280,
        "depth_medium_mm": 223,
        "depth_shallow_mm": 110,
        "description": "asfsafsa"
    }
}
]
